INSERT INTO city (name) VALUES ('New York'), ('London'), ('Paris');
INSERT INTO street (name, city_id) VALUES ('5th Avenue', 1), ('Oxford Street', 2), ('Champs-Elysees', 3), ('Broadway', 1), ('Abbey Road', 2);
INSERT INTO supermarket (name, street_id) VALUES ('Walmart', 1), ('Tesco', 2), ('Carrefour', 3), ('Target', 1), ('Sainsbury', 2), ('Auchan', 3), ('Macy''s', 4);
INSERT INTO person (name, surname, birth_date) VALUES ('John', 'Doe', '1990-01-01'), ('Jane', 'Doe', '1985-02-02'), ('Bob', 'Smith', '1995-03-03'), ('Alice', 'Johnson', '1980-04-04'), ('Tom', 'Brown', '1975-05-05'), ('Mary', 'Davis', '1988-06-06'), ('David', 'Wilson', '1992-07-07'), ('Sarah', 'Taylor', '1983-08-08'), ('Michael', 'Anderson', '1970-09-09'), ('Emily', 'Jones', '1998-10-10');
INSERT INTO contact_type (name) VALUES ('email'), ('phone');
INSERT INTO person_contact (person_id, contact_type_id, value) VALUES (1, 1, 'johndoe@gmail.com'), (1, 2, '555-1234'), (2, 1, 'janedoe@gmail.com'), (3, 2, '555-5678'), (4, 1, 'alicejohnson@gmail.com'), (4, 2, '555-2468'), (5, 1, 'tombrown@gmail.com'), (5, 2, '555-7890'), (6, 2, '555-1357'), (7, 1, 'davidwilson@gmail.com'), (8, 2, '555-3690'), (9, 1, 'sarahtaylor@gmail.com'), (9, 2, '555-0123'), (10, 1, 'michaelanderson@gmail.com'), (10, 2, '555-4567'), (10, 2, '555-7890'), (10, 1, 'emilyjones@gmail.com');
INSERT INTO customer (person_id, is_registered) VALUES (1, 1), (2, 1), (3, 0), (4, 1), (5, 0), (6, 1), (7, 0), (8, 1), (9, 0), (10, 1);
INSERT INTO product_category (name) VALUES ('Groceries'), ('Electronics'), ('Clothing');
INSERT INTO product_title (name, category_id, manufacturer_id) VALUES ('Bread', 1, 1), ('Milk', 1, 2), ('Eggs', 1, 1), ('Smartphone', 2, 3), ('Laptop', 2, 4), ('TV', 2, 3), ('Shirt', 3, 2), ('Jeans', 3, 1), ('Dress', 3, 1), ('Socks', 3, 2);
INSERT INTO manufacturer (name) VALUES ('Kraft Foods'), ('Nestle'), ('Samsung'), ('HP');
INSERT INTO product (title_id,
price) VALUES (1, 2.99), (1, 3.49), (1, 1.99), (1, 2.19), (1, 1.89), (2, 1.99), (2, 2.49), (2, 1.79), (2, 1.69), (2, 2.29), (3, 2.29), (3, 1.99), (3, 2.19), (3, 1.79), (3, 2.49), (4, 599.99), (4, 699.99), (5, 999.99), (5, 1199.99), (6, 799.99);
INSERT INTO customer_order (customer_id, supermarket_id, order_date) VALUES (1, 1, '2023-05-07'), (1, 1, '2023-04-20'), (2, 2, '2023-05-01'), (3, 3, '2023-05-05'), (3, 3, '2023-05-06'), (4, 4, '2023-04-30'), (5, 5, '2023-05-07'), (6, 6, '2023-04-25'), (7, 7, '2023-05-03'), (7, 7, '2023-05-04'), (8, 1, '2023-04-28'), (9, 2, '2023-05-02'), (10, 3, '2023-04-29'), (10, 3, '2023-05-07'), (10, 3, '2023-05-07'), (10, 3, '2023-05-07'), (10, 3, '2023-05-07'), (10, 3, '2023-05-07'), (10, 3, '2023-05-07'), (10, 3, '2023-05-07');
INSERT INTO order_details (order_id, product_id, quantity) VALUES (1, 1, 1), (1, 2, 2), (1, 3, 1), (2, 1, 2), (2, 3, 3), (3, 4, 1), (3, 5, 1), (4, 6, 2), (4, 7, 1), (4, 8, 1), (5, 9, 2), (5, 10, 3), (6, 11, 1), (6, 12, 2), (7, 13, 1), (7, 14, 3), (8, 15, 1), (9, 16, 1), (10, 17, 2), (10, 18, 1), (11, 1, 1), (11, 2, 2), (12, 3, 1), (12, 4, 2), (12, 5, 1), (13, 6, 1), (14, 7, 1), (14, 8, 1), (14, 9, 2), (15, 10, 1), (16, 11, 1), (16, 12, 1), (17, 13, 2)